-- MySQL dump 10.13  Distrib 8.0.33, for Win64 (x86_64)
--
-- Host: i9a707.p.ssafy.io    Database: voda
-- ------------------------------------------------------
-- Server version	8.0.34-0ubuntu0.20.04.1

/*!40101 SET @OLD_CHARACTER_SET_CLIENT=@@CHARACTER_SET_CLIENT */;
/*!40101 SET @OLD_CHARACTER_SET_RESULTS=@@CHARACTER_SET_RESULTS */;
/*!40101 SET @OLD_COLLATION_CONNECTION=@@COLLATION_CONNECTION */;
/*!50503 SET NAMES utf8 */;
/*!40103 SET @OLD_TIME_ZONE=@@TIME_ZONE */;
/*!40103 SET TIME_ZONE='+00:00' */;
/*!40014 SET @OLD_UNIQUE_CHECKS=@@UNIQUE_CHECKS, UNIQUE_CHECKS=0 */;
/*!40014 SET @OLD_FOREIGN_KEY_CHECKS=@@FOREIGN_KEY_CHECKS, FOREIGN_KEY_CHECKS=0 */;
/*!40101 SET @OLD_SQL_MODE=@@SQL_MODE, SQL_MODE='NO_AUTO_VALUE_ON_ZERO' */;
/*!40111 SET @OLD_SQL_NOTES=@@SQL_NOTES, SQL_NOTES=0 */;

--
-- Table structure for table `articles`
--

DROP TABLE IF EXISTS `articles`;
/*!40101 SET @saved_cs_client     = @@character_set_client */;
/*!50503 SET character_set_client = utf8mb4 */;
CREATE TABLE `articles` (
  `article_no` int NOT NULL AUTO_INCREMENT,
  `article_title` varchar(100) NOT NULL,
  `user_email` varchar(320) NOT NULL,
  `article_content` varchar(2000) NOT NULL,
  `article_regtime` timestamp NOT NULL DEFAULT CURRENT_TIMESTAMP,
  `article_modified` tinyint NOT NULL DEFAULT '0' COMMENT '1: 수정됨',
  `article_cancel` tinyint NOT NULL DEFAULT '0' COMMENT '1: 삭제된 게시글',
  PRIMARY KEY (`article_no`),
  KEY `user_email` (`user_email`),
  CONSTRAINT `articles_ibfk_1` FOREIGN KEY (`user_email`) REFERENCES `users` (`user_email`)
) ENGINE=InnoDB AUTO_INCREMENT=64 DEFAULT CHARSET=utf8mb4 COLLATE=utf8mb4_0900_ai_ci;
/*!40101 SET character_set_client = @saved_cs_client */;

--
-- Dumping data for table `articles`
--

LOCK TABLES `articles` WRITE;
/*!40000 ALTER TABLE `articles` DISABLE KEYS */;
INSERT INTO `articles` VALUES (25,'마지막 테스트','kyuh2002@naver.com','<h1><span style=\"background-color: rgb(250, 204, 204); color: rgb(102, 163, 224);\">과연</span></h1><p><br></p><ul><li><span style=\"background-color: rgb(204, 232, 204);\">시간</span></li></ul><ol><li><span style=\"background-color: rgb(204, 232, 204);\">이야</span></li><li><span style=\"color: rgb(230, 0, 0);\">호</span></li><li><span style=\"color: rgb(230, 0, 0);\">건</span></li></ol><ul><li><span style=\"color: rgb(230, 0, 0);\">ㅁㄴㅇㄻㄴㅇㄹ</span></li></ul>','2023-08-08 08:11:02',0,1),(26,'dsdsdsd','sunhee3859@naver.com','<p>dssddasdas</p>','2023-08-09 04:02:52',0,1),(27,'나오아웅','sunhee3859@naver.com','<p>ㅁㄴㅇㅁㄴㅇㅁㄴ</p>','2023-08-09 04:03:09',0,1),(28,'김민재 보아라','quso12358@naver.com','<h1><strong><u>김민재</u> 보아라!!</strong></h1>','2023-08-09 04:13:18',0,1),(31,'1조에서 왔습니다','sangwoo9808@naver.com','<p>ㅇ</p>','2023-08-09 05:54:43',0,1),(49,'오늘 - 수정할거야','kyuh2002@naver.com','<p>```</p><p><br></p><h1><strong style=\"color: rgb(230, 0, 0);\">ㄴㅇㄹㄹㅇㄴㄹ</strong></h1>','2023-08-14 03:35:14',1,1),(50,'이걸 어찌 디자인 하오리까','gobro6366@gmail.com','<h1>아이디어좀 주세요</h1>','2023-08-11 00:37:40',0,1),(51,'안녕하세요','wpwjd9@gmail.com','<h2><em><u>잘 놀다 갑니다.</u></em><strong class=\"ql-font-serif\"><span class=\"ql-cursor\">﻿</span></strong></h2>','2023-08-12 08:06:44',0,0),(52,'문의드립니다.','0503ghkdud@naver.com','<p>문희는 포도가 먹고시푼데.....</p>','2023-08-12 14:15:19',0,0),(53,'하ㅏㅏㅏㅏㅏㅏ','sunhee3859@naver.com','<p>인프라 싫ㄹ어...</p>','2023-08-14 03:41:58',0,1),(54,'글 삭제 테스트','kyuh2001@naver.com','<p>asdf</p>','2023-08-14 03:49:46',0,1),(55,'로고 너무 귀여워용','mong2072@naver.com','<p>로고 너무 귀여워용</p>','2023-08-14 04:29:52',0,1),(56,'김민재 보았는가','quso12358@naver.com','<h1><strong>보았느냐 물었다.<span class=\"ql-cursor\">﻿</span></strong></h1>','2023-08-14 06:41:29',0,1),(57,'안녕하세요. 건의 있습니다.','sunhee3859@naver.com','<p>건의가 있었는데요. 없어요.</p>','2023-08-15 11:07:36',0,0),(58,'윤선희 덤벼','quso12358@naver.com','<h2>Come on</h2>','2023-08-15 11:31:36',0,1),(59,'룰루랄라','kimjw3928@naver.com','<h1><span style=\"background-color: rgb(255, 255, 0);\">우오와아아ㅏ</span></h1><h2><span style=\"color: rgb(0, 55, 0); background-color: rgb(204, 224, 245);\">잘만들었다!!!!!</span></h2><p>이제 수정도 되넹</p>','2023-08-15 15:41:22',1,1),(60,'영상통화 건의사항 있습니다!','kyuh2002@naver.com','<h1><u style=\"color: rgb(250, 204, 204); background-color: rgb(0, 0, 0);\">건의사항</u></h1><ul><li>영상통화 중 표정을 숨길 수 있게 해주세요</li><li>닉네임이 중복되지 않게ㅔ 해주세요</li></ul>','2023-08-16 00:22:41',0,0),(61,'안녕하세요 건의사항이 있습니다','kimjw3928@naver.com','<p>건의? 건이? 아무튼 그런게 있습니다</p>','2023-08-16 00:25:39',0,0),(63,'댓글테스트 수정','kyuh2002@naver.com','<p>테스트용</p>','2023-08-16 07:20:38',1,0);
/*!40000 ALTER TABLE `articles` ENABLE KEYS */;
UNLOCK TABLES;

--
-- Table structure for table `callhistory`
--

DROP TABLE IF EXISTS `callhistory`;
/*!40101 SET @saved_cs_client     = @@character_set_client */;
/*!50503 SET character_set_client = utf8mb4 */;
CREATE TABLE `callhistory` (
  `call_no` int NOT NULL AUTO_INCREMENT,
  `call_sender` varchar(320) DEFAULT NULL,
  `call_receiver` varchar(320) DEFAULT NULL,
  `call_starttime` timestamp NULL DEFAULT NULL,
  `call_endtime` timestamp NULL DEFAULT NULL,
  `call_url` varchar(500) DEFAULT NULL,
  `call_cancel` int DEFAULT '0',
  `call_status` int DEFAULT '0',
  PRIMARY KEY (`call_no`)
) ENGINE=InnoDB AUTO_INCREMENT=963 DEFAULT CHARSET=utf8mb4 COLLATE=utf8mb4_0900_ai_ci;
/*!40101 SET character_set_client = @saved_cs_client */;

--
-- Dumping data for table `callhistory`
--

LOCK TABLES `callhistory` WRITE;
/*!40000 ALTER TABLE `callhistory` DISABLE KEYS */;
INSERT INTO `callhistory` VALUES (536,'zxskmj@gmail.com','kimjw3928@naver.com','2023-08-10 02:15:43','2023-08-10 02:16:05',NULL,0,2),(537,'gobro6366@gmail.com','kyuh2002@naver.com',NULL,'2023-08-10 04:18:36',NULL,0,2),(538,'gobro6366@gmail.com','kyuh2002@naver.com',NULL,'2023-08-10 02:18:49',NULL,0,2),(539,'gobro6366@gmail.com','kyuh2002@naver.com',NULL,'2023-08-10 02:27:50',NULL,0,2),(540,'gobro6366@gmail.com','govelopper@gmail.com',NULL,'2023-08-10 02:28:53',NULL,0,2),(542,'gobro6366@gmail.com','kyuh2002@naver.com','2023-08-10 02:29:59','2023-08-10 02:30:01',NULL,0,2),(543,'gobro6366@gmail.com','kyuh2002@naver.com',NULL,'2023-08-10 02:30:52',NULL,0,2),(544,'gobro6366@gmail.com','kyuh2002@naver.com',NULL,'2023-08-10 02:31:42',NULL,0,2),(545,'gobro6366@gmail.com','kyuh2002@naver.com',NULL,'2023-08-10 03:13:56',NULL,0,2),(546,'gobro6366@gmail.com','kyuh2002@naver.com',NULL,'2023-08-10 03:29:10',NULL,0,2),(547,'gobro6366@gmail.com','kimjw3928@naver.com','2023-08-10 03:53:40',NULL,NULL,0,2),(549,'gobro6366@gmail.com','kyuh2002@naver.com','2023-08-10 04:31:44','2023-08-10 04:34:29',NULL,0,2),(550,'gobro6366@gmail.com','kyuh2002@naver.com',NULL,'2023-08-10 04:35:16',NULL,0,2),(551,'sunhee3859@naver.com','quso12358@naver.com',NULL,'2023-08-10 04:35:59',NULL,0,2),(552,'sunhee3859@naver.com','quso12358@naver.com',NULL,'2023-08-10 04:36:10',NULL,0,2),(553,'sunhee3859@naver.com','quso12358@naver.com',NULL,'2023-08-10 04:37:12',NULL,0,2),(554,'sunhee3859@naver.com','2019113591@dgu.ac.kr',NULL,'2023-08-10 04:38:52',NULL,0,2),(556,'2019113591@dgu.ac.kr','sunhee3859@naver.com','2023-08-10 04:41:36','2023-08-10 04:41:55',NULL,0,2),(557,'gobro6366@gmail.com','kyuh2002@naver.com',NULL,'2023-08-10 04:45:48',NULL,0,2),(559,'2019113591@dgu.ac.kr','sunhee3859@naver.com',NULL,'2023-08-10 04:42:57',NULL,0,2),(560,'gobro6366@gmail.com','govelopper@gmail.com',NULL,'2023-08-10 04:43:39',NULL,0,2),(561,'gobro6366@gmail.com','govelopper@gmail.com',NULL,'2023-08-10 04:44:34',NULL,0,2),(562,'gobro6366@gmail.com','govelopper@gmail.com',NULL,'2023-08-10 04:44:49',NULL,0,2),(563,'gobro6366@gmail.com','govelopper@gmail.com',NULL,'2023-08-10 04:45:47',NULL,0,2),(564,'hellosunheee96@gmail.com','gobro6366@gmail.com','2023-08-10 04:46:52','2023-08-10 04:48:07',NULL,0,2),(565,'gobro6366@gmail.com','govelopper@gmail.com',NULL,'2023-08-10 04:48:35',NULL,0,2),(566,'gobro6366@gmail.com','govelopper@gmail.com','2023-08-10 04:50:21','2023-08-10 04:54:44',NULL,0,2),(568,'gobro6366@gmail.com','govelopper@gmail.com',NULL,'2023-08-10 04:54:35',NULL,0,2),(569,'gobro6366@gmail.com','govelopper@gmail.com',NULL,'2023-08-10 05:03:38',NULL,0,2),(570,'gobro6366@gmail.com','govelopper@gmail.com','2023-08-10 05:03:47','2023-08-10 05:04:01',NULL,0,2),(571,'gobro6366@gmail.com','govelopper@gmail.com','2023-08-10 05:04:26','2023-08-10 05:05:40',NULL,0,2),(572,'gobro6366@gmail.com','govelopper@gmail.com',NULL,'2023-08-10 05:16:17',NULL,0,2),(574,'sunhee3859@naver.com','2019113591@dgu.ac.kr',NULL,'2023-08-10 05:36:18',NULL,0,2),(575,'hellosunheee96@gmail.com','2019113591@dgu.ac.kr',NULL,'2023-08-10 05:44:50',NULL,0,2),(576,'hellosunheee96@gmail.com','2019113591@dgu.ac.kr',NULL,'2023-08-10 05:47:00',NULL,0,2),(577,'hellosunheee96@gmail.com','developerchiheonlee@naver.com',NULL,'2023-08-10 05:47:38',NULL,0,2),(578,'hellosunheee96@gmail.com','2019113591@dgu.ac.kr',NULL,'2023-08-10 05:48:37',NULL,0,2),(579,'sunhee3859@naver.com','2019113591@dgu.ac.kr','2023-08-10 06:14:56','2023-08-10 06:15:04',NULL,0,2),(580,'2019113591@dgu.ac.kr','sunhee3859@naver.com',NULL,'2023-08-10 06:20:49',NULL,0,2),(581,'sunhee3859@naver.com','2019113591@dgu.ac.kr',NULL,'2023-08-10 06:29:37',NULL,0,2),(582,'2019113591@dgu.ac.kr','sunhee3859@naver.com',NULL,'2023-08-10 06:31:36',NULL,0,2),(583,'sunhee3859@naver.com','2019113591@dgu.ac.kr',NULL,'2023-08-10 06:35:36',NULL,0,2),(584,'2019113591@dgu.ac.kr','sunhee3859@naver.com','2023-08-10 06:36:30','2023-08-10 06:36:31',NULL,0,2),(585,'sunhee3859@naver.com','2019113591@dgu.ac.kr',NULL,'2023-08-10 06:37:52',NULL,0,2),(586,'sunhee3859@naver.com','2019113591@dgu.ac.kr',NULL,'2023-08-10 06:39:13',NULL,0,2),(587,'sunhee3859@naver.com','2019113591@dgu.ac.kr',NULL,'2023-08-10 06:44:29',NULL,0,2),(588,'sunhee3859@naver.com','2019113591@dgu.ac.kr',NULL,'2023-08-10 06:48:13',NULL,0,2),(590,'sunhee3859@naver.com','2019113591@dgu.ac.kr',NULL,'2023-08-10 06:52:48',NULL,0,2),(591,'sunhee3859@naver.com','2019113591@dgu.ac.kr',NULL,'2023-08-10 06:55:40',NULL,0,2),(592,'sunhee3859@naver.com','2019113591@dgu.ac.kr',NULL,'2023-08-10 06:57:04',NULL,0,2),(593,'sunhee3859@naver.com','2019113591@dgu.ac.kr',NULL,'2023-08-10 08:43:03',NULL,0,2),(594,'sunhee3859@naver.com','2019113591@dgu.ac.kr',NULL,NULL,NULL,0,2),(595,'2019113591@dgu.ac.kr','sunhee3859@naver.com',NULL,'2023-08-10 09:19:53',NULL,0,2),(596,'quso12358@naver.com','sunhee3859@naver.com',NULL,NULL,NULL,0,2),(597,'kimjw3928@naver.com','voda@voda.com','2023-08-11 01:56:50','2023-08-11 01:57:40',NULL,0,2),(598,'gobro6366@gmail.com','kimjw3928@naver.com',NULL,'2023-08-11 04:53:48',NULL,0,2),(599,'quso12358@naver.com','kyuh2001@naver.com',NULL,'2023-08-11 05:19:08',NULL,0,2),(600,'quso12358@naver.com','quso1235813@gmail.com',NULL,'2023-08-11 06:08:55',NULL,0,2),(601,'kimjw3928@naver.com','voda@voda.com',NULL,'2023-08-11 06:29:35',NULL,0,2),(602,'kimjw3928@naver.com','voda@voda.com',NULL,'2023-08-11 06:30:44',NULL,0,2),(603,'kimjw3928@naver.com','voda@voda.com',NULL,'2023-08-11 06:31:30',NULL,0,2),(604,'kimjw3928@naver.com','voda@voda.com','2023-08-11 06:32:38','2023-08-11 06:33:06',NULL,0,2),(605,'sunhee3859@naver.com','quso12358@naver.com',NULL,'2023-08-11 06:35:09',NULL,0,2),(606,'kimjw3928@naver.com','voda@voda.com','2023-08-11 06:36:14','2023-08-11 06:38:28',NULL,0,2),(607,'kimjw3928@naver.com','voda@voda.com','2023-08-11 06:45:30','2023-08-11 06:46:28',NULL,0,2),(608,'kimjw3928@naver.com','voda@voda.com','2023-08-11 06:51:19','2023-08-11 06:57:58',NULL,0,2),(609,'kimjw3928@naver.com','voda@voda.com','2023-08-11 06:59:37','2023-08-11 07:02:17',NULL,0,2),(610,'voda@voda.com','kimjw3928@naver.com','2023-08-11 07:02:38','2023-08-11 07:02:41',NULL,0,2),(611,'voda@voda.com','kimjw3928@naver.com','2023-08-11 07:09:03','2023-08-11 07:09:49',NULL,0,2),(612,'sunhee3859@naver.com','quso12358@naver.com','2023-08-11 08:11:56','2023-08-11 08:12:21',NULL,0,2),(613,'kyuh2002@naver.com','sunhee3859@naver.com','2023-08-11 08:47:09','2023-08-11 08:47:16',NULL,0,2),(614,'kyuh2002@naver.com','sunhee3859@naver.com','2023-08-11 08:47:45','2023-08-11 08:49:20',NULL,0,2),(615,'quso12358@naver.com','kimjw3928@naver.com','2023-08-11 08:53:14','2023-08-11 08:53:58',NULL,0,2),(616,'quso12358@naver.com','kimjw3928@naver.com','2023-08-11 08:55:48','2023-08-11 08:57:12',NULL,0,2),(617,'voda@voda.com','kimjw3928@naver.com','2023-08-11 11:52:51','2023-08-11 11:54:30',NULL,0,2),(618,'kimjw3928@naver.com','voda@voda.com','2023-08-11 11:54:42','2023-08-11 11:54:56',NULL,0,2),(619,'kimjw3928@naver.com','voda@voda.com','2023-08-11 11:56:02','2023-08-11 11:56:41',NULL,0,2),(620,'kimjw3928@naver.com','voda@voda.com','2023-08-11 11:57:36','2023-08-11 11:57:46',NULL,0,2),(621,'kimjw3928@naver.com','voda@voda.com','2023-08-11 11:58:45','2023-08-11 12:00:26',NULL,0,2),(622,'kimjw3928@naver.com','voda@voda.com','2023-08-11 12:01:08','2023-08-11 12:03:32',NULL,0,2),(623,'kimjw3928@naver.com','voda@voda.com','2023-08-11 12:04:03','2023-08-11 12:04:23',NULL,0,2),(624,'kimjw3928@naver.com','voda@voda.com','2023-08-11 12:05:03','2023-08-11 12:05:30',NULL,0,2),(625,'voda@voda.com','kimjw3928@naver.com','2023-08-11 12:08:59','2023-08-11 12:11:05',NULL,0,2),(626,'kimjw3928@naver.com','voda@voda.com','2023-08-11 12:12:15','2023-08-11 12:18:11',NULL,0,2),(627,'kimjw3928@naver.com','voda@voda.com','2023-08-11 12:19:03','2023-08-11 12:19:23',NULL,0,2),(628,'kimjw3928@naver.com','voda@voda.com','2023-08-11 12:22:48','2023-08-11 12:25:16',NULL,0,2),(629,'kimjw3928@naver.com','voda@voda.com','2023-08-11 12:27:43','2023-08-11 12:31:02',NULL,0,2),(630,'kimjw3928@naver.com','voda@voda.com',NULL,'2023-08-11 12:45:19',NULL,0,2),(631,'kimjw3928@naver.com','voda@voda.com',NULL,'2023-08-11 12:46:26',NULL,0,2),(632,'kimjw3928@naver.com','voda@voda.com',NULL,'2023-08-11 12:46:45',NULL,0,2),(633,'kimjw3928@naver.com','voda@voda.com','2023-08-11 12:47:42','2023-08-11 12:49:58',NULL,0,2),(634,'kimjw3928@naver.com','voda@voda.com','2023-08-11 12:50:19','2023-08-11 12:51:04',NULL,0,2),(635,'kimjw3928@naver.com','voda@voda.com','2023-08-11 12:51:16','2023-08-11 12:51:37',NULL,0,2),(636,'kimjw3928@naver.com','voda@voda.com','2023-08-11 13:15:45','2023-08-11 13:16:41',NULL,0,2),(637,'kyuh2002@naver.com','youjin1939@gmail.com',NULL,'2023-08-11 13:23:01',NULL,0,2),(638,'youjin1939@gmail.com','kyuh2002@naver.com',NULL,'2023-08-11 13:23:48',NULL,0,2),(639,'youjin1939@gmail.com','kyuh2002@naver.com','2023-08-11 13:24:10','2023-08-11 13:50:45',NULL,0,2),(640,'kimjw3928@naver.com','voda@voda.com','2023-08-11 13:26:12','2023-08-11 13:27:10',NULL,0,2),(641,'kimjw3928@naver.com','voda@voda.com','2023-08-11 13:27:29','2023-08-11 13:28:57',NULL,0,2),(642,'kimjw3928@naver.com','voda@voda.com','2023-08-11 13:29:11','2023-08-11 13:29:25',NULL,0,2),(643,'kimjw3928@naver.com','voda@voda.com','2023-08-11 13:32:29','2023-08-11 13:34:20',NULL,0,2),(644,'kimjw3928@naver.com','voda@voda.com','2023-08-11 13:36:29','2023-08-11 13:37:41',NULL,0,2),(645,'kimjw3928@naver.com','voda@voda.com','2023-08-11 13:37:53','2023-08-11 13:38:45',NULL,0,2),(646,'kimjw3928@naver.com','voda@voda.com','2023-08-11 13:45:13','2023-08-11 13:45:15',NULL,0,2),(647,'kimjw3928@naver.com','voda@voda.com','2023-08-11 13:45:31','2023-08-11 13:45:52',NULL,0,2),(648,'kimjw3928@naver.com','voda@voda.com','2023-08-11 13:46:02','2023-08-11 13:46:27',NULL,0,2),(649,'kimjw3928@naver.com','voda@voda.com','2023-08-11 13:54:00','2023-08-11 13:54:16',NULL,0,2),(650,'kimjw3928@naver.com','voda@voda.com',NULL,'2023-08-11 13:58:27',NULL,0,2),(651,'kimjw3928@naver.com','voda@voda.com','2023-08-11 13:59:02','2023-08-11 14:06:23',NULL,0,2),(652,'kimjw3928@naver.com','voda@voda.com',NULL,'2023-08-11 14:09:12',NULL,0,2),(653,'kimjw3928@naver.com','voda@voda.com',NULL,'2023-08-11 14:13:02',NULL,0,2),(654,'kimjw3928@naver.com','voda@voda.com',NULL,'2023-08-11 14:13:12',NULL,0,2),(655,'kimjw3928@naver.com','voda@voda.com',NULL,'2023-08-11 14:14:00',NULL,0,2),(656,'kimjw3928@naver.com','voda@voda.com','2023-08-11 14:22:11','2023-08-11 14:23:15',NULL,0,2),(657,'kimjw3928@naver.com','voda@voda.com','2023-08-11 14:23:25','2023-08-11 14:24:08',NULL,0,2),(658,'kimjw3928@naver.com','voda@voda.com',NULL,'2023-08-11 14:24:35',NULL,0,2),(659,'kimjw3928@naver.com','voda@voda.com','2023-08-11 14:24:59','2023-08-11 14:25:19',NULL,0,2),(660,'kimjw3928@naver.com','voda@voda.com','2023-08-11 14:28:37','2023-08-11 14:29:28',NULL,0,2),(661,'kimjw3928@naver.com','voda@voda.com','2023-08-11 14:31:52','2023-08-11 14:32:23',NULL,0,2),(662,'kimjw3928@naver.com','voda@voda.com','2023-08-11 14:32:35','2023-08-11 14:36:23',NULL,0,2),(663,'kimjw3928@naver.com','voda@voda.com','2023-08-11 14:36:33','2023-08-11 14:37:10',NULL,0,2),(664,'kimjw3928@naver.com','voda@voda.com',NULL,'2023-08-11 14:37:41',NULL,0,2),(665,'kimjw3928@naver.com','voda@voda.com','2023-08-11 14:38:26','2023-08-11 14:39:28',NULL,0,2),(666,'kimjw3928@naver.com','voda@voda.com','2023-08-11 14:39:37','2023-08-11 14:40:18',NULL,0,2),(667,'kimjw3928@naver.com','voda@voda.com','2023-08-11 14:40:29','2023-08-11 14:40:59',NULL,0,2),(668,'voda@voda.com','kimjw3928@naver.com','2023-08-11 14:41:08','2023-08-11 14:42:09',NULL,0,2),(669,'voda@voda.com','kimjw3928@naver.com','2023-08-11 14:42:18','2023-08-11 14:43:02',NULL,0,2),(670,'kimjw3928@naver.com','voda@voda.com','2023-08-11 14:43:24','2023-08-11 14:46:31',NULL,0,2),(671,'kimjw3928@naver.com','voda@voda.com','2023-08-11 14:46:41','2023-08-11 14:47:57',NULL,0,2),(672,'voda@voda.com','kimjw3928@naver.com','2023-08-11 14:52:55','2023-08-11 14:54:17',NULL,0,2),(673,'zxskmj@gmail.com','kimjw3928@naver.com','2023-08-12 07:40:45','2023-08-12 07:41:39',NULL,0,2),(674,'gobro6366@gmail.com','wpwjd9@gmail.com',NULL,'2023-08-12 08:11:55',NULL,0,2),(675,'gobro6366@gmail.com','wpwjd9@gmail.com','2023-08-12 08:13:03','2023-08-12 08:13:12',NULL,0,2),(676,'gobro6366@gmail.com','wpwjd9@gmail.com','2023-08-12 08:13:26','2023-08-12 08:13:40',NULL,0,2),(677,'gobro6366@gmail.com','wpwjd9@gmail.com',NULL,'2023-08-12 08:13:52',NULL,0,2),(678,'gobro6366@gmail.com','wpwjd9@gmail.com','2023-08-12 08:14:32','2023-08-12 10:19:02',NULL,0,2),(679,'gobro6366@gmail.com','govelopper@gmail.com',NULL,'2023-08-12 10:20:46',NULL,0,2),(680,'quso1235813@gmail.com','quso12358@naver.com',NULL,'2023-08-12 11:30:43',NULL,0,2),(681,'quso1235813@gmail.com','quso12358@naver.com',NULL,'2023-08-12 11:33:40',NULL,0,2),(682,'quso1235813@gmail.com','quso12358@naver.com',NULL,'2023-08-12 11:38:11',NULL,0,2),(683,'quso1235813@gmail.com','quso12358@naver.com',NULL,'2023-08-12 11:47:07',NULL,0,2),(684,'quso1235813@gmail.com','quso12358@naver.com',NULL,'2023-08-12 12:23:02',NULL,0,2),(685,'2019113591@dgu.ac.kr','sunhee3859@naver.com',NULL,'2023-08-12 12:47:36',NULL,0,2),(686,'2019113591@dgu.ac.kr','sunhee3859@naver.com',NULL,'2023-08-12 12:53:11',NULL,0,2),(687,'sunhee3859@naver.com','2019113591@dgu.ac.kr',NULL,'2023-08-12 12:54:13',NULL,0,2),(688,'sunhee3859@naver.com','2019113591@dgu.ac.kr','2023-08-12 13:00:12','2023-08-12 13:01:01',NULL,0,2),(691,'sunhee3859@naver.com','hellosunheee96@gmail.com',NULL,'2023-08-12 13:33:32',NULL,0,2),(692,'0503ghkdud@naver.com','youjin1939@gmail.com',NULL,'2023-08-12 14:14:21',NULL,0,2),(693,'zxskmj@gmail.com','kimjw3928@naver.com','2023-08-13 06:16:46','2023-08-13 06:18:12',NULL,0,2),(694,'zxskmj@gmail.com','kimjw3928@naver.com',NULL,'2023-08-13 06:20:37',NULL,0,2),(695,'zxskmj@gmail.com','kimjw3928@naver.com','2023-08-13 06:21:06','2023-08-13 06:21:54',NULL,0,2),(696,'zxskmj@gmail.com','kimjw3928@naver.com','2023-08-13 06:22:02','2023-08-13 06:24:48',NULL,0,2),(697,'kimjw3928@naver.com','zxskmj@gmail.com',NULL,'2023-08-13 06:27:54',NULL,0,2),(698,'kimjw3928@naver.com','zxskmj@gmail.com',NULL,'2023-08-13 06:28:13',NULL,0,2),(699,'kimjw3928@naver.com','zxskmj@gmail.com',NULL,'2023-08-13 06:29:55',NULL,0,2),(700,'kimjw3928@naver.com','zxskmj@gmail.com',NULL,'2023-08-13 06:30:15',NULL,0,2),(701,'kimjw3928@naver.com','zxskmj@gmail.com',NULL,'2023-08-13 06:31:15',NULL,0,2),(702,'kimjw3928@naver.com','kimjw3928@gmail.com','2023-08-13 08:39:11','2023-08-13 08:42:04',NULL,0,2),(703,'kimjw3928@naver.com','kimjw3928@gmail.com','2023-08-13 08:42:23','2023-08-13 08:42:51',NULL,0,2),(704,'kimjw3928@naver.com','kimjw3928@gmail.com',NULL,'2023-08-13 08:44:19',NULL,0,2),(705,'kimjw3928@gmail.com','kimjw3928@naver.com','2023-08-13 08:45:04','2023-08-13 08:45:26',NULL,0,2),(706,'kimjw3928@naver.com','kimjw3928@gmail.com','2023-08-13 08:45:51','2023-08-13 08:46:09',NULL,0,2),(707,'gobro6366@gmail.com','wpwjd9@gmail.com','2023-08-13 12:53:15','2023-08-13 12:59:09',NULL,0,2),(708,'gobro6366@gmail.com','govelopper@gmail.com',NULL,'2023-08-13 14:10:28',NULL,0,2),(709,'gobro6366@gmail.com','govelopper@gmail.com',NULL,'2023-08-13 14:10:43',NULL,0,2),(710,'quso12358@naver.com','quso1235813@gmail.com','2023-08-14 01:53:03','2023-08-14 01:53:19',NULL,0,2),(711,'sunhee3859@naver.com','quso12358@naver.com','2023-08-14 03:36:31','2023-08-14 03:36:49',NULL,0,2),(712,'quso12358@naver.com','gobro6366@gmail.com','2023-08-14 03:53:41','2023-08-14 03:53:52',NULL,0,2),(713,'sunhee3859@naver.com','quso12358@naver.com','2023-08-14 06:06:37','2023-08-14 06:06:40',NULL,0,2),(714,'quso12358@naver.com','sunhee3859@naver.com','2023-08-14 03:40:00','2023-08-14 03:40:23',NULL,0,2),(715,'kyuh2002@naver.com','sunhee3859@naver.com','2023-08-14 04:21:33','2023-08-14 04:21:46',NULL,0,2),(716,'kyuh2002@naver.com','sunhee3859@naver.com','2023-08-14 04:22:04','2023-08-14 04:22:13',NULL,0,2),(717,'developerchiheonlee@naver.com','ych526@naver.com',NULL,'2023-08-14 04:25:27',NULL,0,2),(718,'developerchiheonlee@naver.com','ych526@naver.com',NULL,'2023-08-14 04:28:40',NULL,0,2),(719,'developerchiheonlee@naver.com','ych526@naver.com',NULL,'2023-08-14 04:29:22',NULL,0,2),(720,'developerchiheonlee@naver.com','ych526@naver.com','2023-08-14 04:31:12','2023-08-14 04:31:50',NULL,0,2),(721,'developerchiheonlee@naver.com','ych526@naver.com','2023-08-14 04:33:22','2023-08-14 04:33:41',NULL,0,2),(722,'developerchiheonlee@naver.com','ych526@naver.com','2023-08-14 04:33:53','2023-08-14 04:34:55',NULL,0,2),(723,'sunhee3859@naver.com','kyuh2002@naver.com','2023-08-14 06:50:55','2023-08-14 06:51:07',NULL,0,2),(724,'kyuh2002@naver.com','quso12358@naver.com','2023-08-14 06:57:55','2023-08-14 06:57:59',NULL,0,2),(725,'sunhee3859@naver.com','kyuh2002@naver.com',NULL,'2023-08-14 06:51:51',NULL,0,2),(726,'kyuh2002@naver.com','quso12358@naver.com',NULL,'2023-08-14 06:53:34',NULL,0,2),(727,'sunhee3859@naver.com','kyuh2002@naver.com',NULL,'2023-08-14 06:56:30',NULL,0,2),(728,'sunhee3859@naver.com','kyuh2002@naver.com',NULL,'2023-08-14 06:57:04',NULL,0,2),(729,'gobro6366@gmail.com','quso12358@naver.com','2023-08-14 06:58:20','2023-08-14 08:46:17',NULL,0,2),(730,'sunhee3859@naver.com','kyuh2002@naver.com',NULL,'2023-08-14 07:09:42',NULL,0,2),(731,'kyuh2002@naver.com','sunhee3859@naver.com','2023-08-14 07:04:38','2023-08-14 07:04:28',NULL,0,2),(732,'kyuh2002@naver.com','sunhee3859@naver.com',NULL,'2023-08-14 07:07:33',NULL,0,2),(733,'kyuh2002@naver.com','sunhee3859@naver.com',NULL,'2023-08-14 07:15:23',NULL,0,2),(734,'kyuh2002@naver.com','sunhee3859@naver.com',NULL,'2023-08-14 07:16:12',NULL,0,2),(735,'kyuh2002@naver.com','sunhee3859@naver.com',NULL,'2023-08-14 07:16:26',NULL,0,2),(736,'sunhee3859@naver.com','quso12358@naver.com','2023-08-14 08:58:58','2023-08-14 08:59:07',NULL,0,2),(737,'sunhee3859@naver.com','2019113591@dgu.ac.kr','2023-08-15 04:29:24','2023-08-15 04:29:30',NULL,0,2),(738,'2019113591@dgu.ac.kr','sunhee3859@naver.com','2023-08-15 04:35:07','2023-08-15 04:35:55',NULL,0,2),(739,'sunhee3859@naver.com','2019113591@dgu.ac.kr','2023-08-15 04:36:06','2023-08-15 04:37:34',NULL,0,2),(740,'sunhee3859@naver.com','2019113591@dgu.ac.kr','2023-08-15 04:38:46','2023-08-15 04:39:12',NULL,0,2),(741,'2019113591@dgu.ac.kr','sunhee3859@naver.com','2023-08-15 04:39:34','2023-08-15 04:40:12',NULL,0,2),(742,'sunhee3859@naver.com','2019113591@dgu.ac.kr','2023-08-15 04:42:07','2023-08-15 04:44:56',NULL,0,2),(743,'voda@voda.com','kimjw3928@naver.com','2023-08-15 04:52:08','2023-08-15 04:54:13',NULL,0,2),(744,'kimjw3928@naver.com','voda@voda.com','2023-08-15 04:54:25','2023-08-15 04:55:42',NULL,0,2),(745,'sunhee3859@naver.com','2019113591@dgu.ac.kr',NULL,'2023-08-15 04:54:50',NULL,0,2),(746,'sunhee3859@naver.com','2019113591@dgu.ac.kr',NULL,'2023-08-15 04:55:29',NULL,0,2),(747,'2019113591@dgu.ac.kr','sunhee3859@naver.com','2023-08-15 04:56:02','2023-08-15 04:56:11',NULL,0,2),(748,'kimjw3928@naver.com','voda@voda.com','2023-08-15 04:57:37','2023-08-15 05:02:33',NULL,0,2),(749,'kimjw3928@naver.com','voda@voda.com','2023-08-15 05:02:43','2023-08-15 05:03:14',NULL,0,2),(750,'sunhee3859@naver.com','2019113591@dgu.ac.kr',NULL,'2023-08-15 05:08:45',NULL,0,2),(751,'voda@voda.com','kimjw3928@naver.com','2023-08-15 05:09:05','2023-08-15 05:09:30',NULL,0,2),(752,'sunhee3859@naver.com','2019113591@dgu.ac.kr',NULL,'2023-08-15 05:09:52',NULL,0,2),(753,'sunhee3859@naver.com','2019113591@dgu.ac.kr',NULL,'2023-08-15 05:11:19',NULL,0,2),(754,'kimjw3928@naver.com','voda@voda.com','2023-08-15 05:12:47','2023-08-15 05:14:28',NULL,0,2),(755,'sunhee3859@naver.com','2019113591@dgu.ac.kr',NULL,'2023-08-15 05:16:28',NULL,0,2),(756,'sunhee3859@naver.com','2019113591@dgu.ac.kr',NULL,'2023-08-15 05:16:48',NULL,0,2),(757,'kimjw3928@naver.com','voda@voda.com','2023-08-15 05:19:22','2023-08-15 05:19:34',NULL,0,2),(758,'sunhee3859@naver.com','2019113591@dgu.ac.kr',NULL,'2023-08-15 05:21:04',NULL,0,2),(759,'sunhee3859@naver.com','2019113591@dgu.ac.kr',NULL,'2023-08-15 05:21:34',NULL,0,2),(760,'kimjw3928@naver.com','voda@voda.com','2023-08-15 05:22:23','2023-08-15 05:24:17',NULL,0,2),(761,'sunhee3859@naver.com','2019113591@dgu.ac.kr',NULL,'2023-08-15 05:22:36',NULL,0,2),(762,'sunhee3859@naver.com','2019113591@dgu.ac.kr',NULL,'2023-08-15 05:24:26',NULL,0,2),(763,'kimjw3928@naver.com','voda@voda.com','2023-08-15 05:24:32','2023-08-15 05:25:28',NULL,0,2),(764,'sunhee3859@naver.com','2019113591@dgu.ac.kr',NULL,'2023-08-15 05:27:03',NULL,0,2),(765,'kimjw3928@naver.com','zxskmj@gmail.com',NULL,'2023-08-15 05:25:35',NULL,0,2),(766,'kimjw3928@naver.com','voda@voda.com','2023-08-15 05:25:45','2023-08-15 05:27:40',NULL,0,2),(767,'voda@voda.com','kimjw3928@naver.com','2023-08-15 05:27:50','2023-08-15 05:29:25',NULL,0,2),(768,'voda@voda.com','kimjw3928@naver.com','2023-08-15 05:29:35','2023-08-15 05:30:44',NULL,0,2),(769,'voda@voda.com','kimjw3928@naver.com','2023-08-15 05:30:52','2023-08-15 05:31:38',NULL,0,2),(770,'voda@voda.com','kimjw3928@naver.com','2023-08-15 05:31:46','2023-08-15 05:32:20',NULL,0,2),(771,'kimjw3928@naver.com','voda@voda.com','2023-08-15 05:32:57','2023-08-15 05:33:34',NULL,0,2),(772,'sunhee3859@naver.com','2019113591@dgu.ac.kr',NULL,'2023-08-15 06:11:09',NULL,0,2),(773,'sunhee3859@naver.com','2019113591@dgu.ac.kr',NULL,'2023-08-15 06:12:04',NULL,0,2),(774,'sunhee3859@naver.com','2019113591@dgu.ac.kr',NULL,'2023-08-15 06:12:30',NULL,0,2),(775,'sunhee3859@naver.com','2019113591@dgu.ac.kr',NULL,'2023-08-15 06:15:11',NULL,0,2),(776,'sunhee3859@naver.com','2019113591@dgu.ac.kr',NULL,'2023-08-15 06:15:30',NULL,0,2),(777,'sunhee3859@naver.com','2019113591@dgu.ac.kr',NULL,'2023-08-15 06:16:39',NULL,0,2),(778,'sunhee3859@naver.com','2019113591@dgu.ac.kr',NULL,'2023-08-15 06:22:03',NULL,0,2),(779,'sunhee3859@naver.com','2019113591@dgu.ac.kr',NULL,'2023-08-15 06:23:00',NULL,0,2),(780,'sunhee3859@naver.com','2019113591@dgu.ac.kr',NULL,'2023-08-15 06:42:29',NULL,0,2),(781,'sunhee3859@naver.com','2019113591@dgu.ac.kr',NULL,'2023-08-15 06:46:09',NULL,0,2),(782,'sunhee3859@naver.com','2019113591@dgu.ac.kr',NULL,'2023-08-15 06:47:00',NULL,0,2),(783,'sunhee3859@naver.com','2019113591@dgu.ac.kr','2023-08-15 06:48:45','2023-08-15 06:51:34',NULL,0,2),(784,'sunhee3859@naver.com','2019113591@dgu.ac.kr','2023-08-15 06:53:12','2023-08-15 06:54:13',NULL,0,2),(785,'sunhee3859@naver.com','2019113591@dgu.ac.kr',NULL,'2023-08-15 06:56:49',NULL,0,2),(786,'sunhee3859@naver.com','2019113591@dgu.ac.kr',NULL,'2023-08-15 07:09:16',NULL,0,2),(787,'sunhee3859@naver.com','2019113591@dgu.ac.kr',NULL,'2023-08-15 07:09:32',NULL,0,2),(788,'sunhee3859@naver.com','2019113591@dgu.ac.kr',NULL,'2023-08-15 07:13:41',NULL,0,2),(789,'sunhee3859@naver.com','2019113591@dgu.ac.kr',NULL,'2023-08-15 07:17:49',NULL,0,2),(790,'sunhee3859@naver.com','2019113591@dgu.ac.kr',NULL,'2023-08-15 07:18:06',NULL,0,2),(791,'sunhee3859@naver.com','2019113591@dgu.ac.kr',NULL,'2023-08-15 07:18:23',NULL,0,2),(792,'sunhee3859@naver.com','2019113591@dgu.ac.kr',NULL,'2023-08-15 07:19:15',NULL,0,2),(793,'2019113591@dgu.ac.kr','sunhee3859@naver.com',NULL,'2023-08-15 07:20:28',NULL,0,2),(794,'sunhee3859@naver.com','2019113591@dgu.ac.kr',NULL,'2023-08-15 07:25:53',NULL,0,2),(795,'sunhee3859@naver.com','2019113591@dgu.ac.kr',NULL,'2023-08-15 07:44:31',NULL,0,2),(796,'sunhee3859@naver.com','2019113591@dgu.ac.kr',NULL,'2023-08-15 07:46:12',NULL,0,2),(797,'sunhee3859@naver.com','2019113591@dgu.ac.kr',NULL,'2023-08-15 07:48:46',NULL,0,2),(798,'sunhee3859@naver.com','2019113591@dgu.ac.kr',NULL,'2023-08-15 07:51:07',NULL,0,2),(799,'sunhee3859@naver.com','2019113591@dgu.ac.kr',NULL,'2023-08-15 07:51:46',NULL,0,2),(800,'sunhee3859@naver.com','2019113591@dgu.ac.kr',NULL,'2023-08-15 07:52:17',NULL,0,2),(801,'sunhee3859@naver.com','2019113591@dgu.ac.kr',NULL,'2023-08-15 07:53:57',NULL,0,2),(802,'sunhee3859@naver.com','2019113591@dgu.ac.kr',NULL,'2023-08-15 07:57:43',NULL,0,2),(803,'sunhee3859@naver.com','2019113591@dgu.ac.kr',NULL,'2023-08-15 08:16:04',NULL,0,2),(804,'sunhee3859@naver.com','2019113591@dgu.ac.kr',NULL,'2023-08-15 08:17:05',NULL,0,2),(805,'sunhee3859@naver.com','2019113591@dgu.ac.kr',NULL,'2023-08-15 08:17:48',NULL,0,2),(806,'sunhee3859@naver.com','2019113591@dgu.ac.kr',NULL,'2023-08-15 08:19:36',NULL,0,2),(807,'sunhee3859@naver.com','2019113591@dgu.ac.kr',NULL,'2023-08-15 08:21:17',NULL,0,2),(808,'sunhee3859@naver.com','2019113591@dgu.ac.kr',NULL,'2023-08-15 08:31:08',NULL,0,2),(809,'sunhee3859@naver.com','2019113591@dgu.ac.kr',NULL,'2023-08-15 08:32:06',NULL,0,2),(810,'sunhee3859@naver.com','2019113591@dgu.ac.kr',NULL,'2023-08-15 08:32:36',NULL,0,2),(811,'sunhee3859@naver.com','2019113591@dgu.ac.kr',NULL,'2023-08-15 08:34:05',NULL,0,2),(812,'sunhee3859@naver.com','2019113591@dgu.ac.kr',NULL,'2023-08-15 08:39:28',NULL,0,2),(813,'sunhee3859@naver.com','2019113591@dgu.ac.kr','2023-08-15 08:40:06','2023-08-15 08:40:06',NULL,0,2),(814,'sunhee3859@naver.com','2019113591@dgu.ac.kr',NULL,'2023-08-15 08:40:54',NULL,0,2),(815,'sunhee3859@naver.com','2019113591@dgu.ac.kr',NULL,'2023-08-15 08:42:14',NULL,0,2),(816,'sunhee3859@naver.com','2019113591@dgu.ac.kr',NULL,'2023-08-15 08:42:43',NULL,0,2),(817,'sunhee3859@naver.com','2019113591@dgu.ac.kr',NULL,'2023-08-15 08:45:11',NULL,0,2),(818,'sunhee3859@naver.com','2019113591@dgu.ac.kr',NULL,'2023-08-15 08:45:32',NULL,0,2),(819,'sunhee3859@naver.com','2019113591@dgu.ac.kr',NULL,'2023-08-15 08:47:12',NULL,0,2),(820,'sunhee3859@naver.com','2019113591@dgu.ac.kr',NULL,'2023-08-15 08:49:23',NULL,0,2),(821,'sunhee3859@naver.com','2019113591@dgu.ac.kr',NULL,'2023-08-15 08:50:08',NULL,0,2),(822,'sunhee3859@naver.com','2019113591@dgu.ac.kr',NULL,'2023-08-15 08:50:39',NULL,0,2),(823,'sunhee3859@naver.com','2019113591@dgu.ac.kr',NULL,'2023-08-15 08:52:13',NULL,0,2),(824,'sunhee3859@naver.com','2019113591@dgu.ac.kr',NULL,'2023-08-15 08:52:26',NULL,0,2),(825,'sunhee3859@naver.com','2019113591@dgu.ac.kr',NULL,'2023-08-15 08:52:42',NULL,0,2),(826,'sunhee3859@naver.com','2019113591@dgu.ac.kr',NULL,'2023-08-15 08:52:52',NULL,0,2),(827,'sunhee3859@naver.com','2019113591@dgu.ac.kr',NULL,'2023-08-15 08:53:35',NULL,0,2),(828,'sunhee3859@naver.com','2019113591@dgu.ac.kr','2023-08-15 08:54:55','2023-08-15 08:55:11',NULL,0,2),(829,'sunhee3859@naver.com','2019113591@dgu.ac.kr',NULL,'2023-08-15 08:55:34',NULL,0,2),(830,'sunhee3859@naver.com','2019113591@dgu.ac.kr',NULL,'2023-08-15 08:56:21',NULL,0,2),(831,'sunhee3859@naver.com','2019113591@dgu.ac.kr',NULL,'2023-08-15 08:57:48',NULL,0,2),(832,'sunhee3859@naver.com','2019113591@dgu.ac.kr',NULL,'2023-08-15 08:58:28',NULL,0,2),(833,'sunhee3859@naver.com','2019113591@dgu.ac.kr',NULL,'2023-08-15 09:20:44',NULL,0,2),(834,'sunhee3859@naver.com','2019113591@dgu.ac.kr','2023-08-15 09:21:03','2023-08-15 09:21:13',NULL,0,2),(835,'sunhee3859@naver.com','2019113591@dgu.ac.kr',NULL,'2023-08-15 09:21:31',NULL,0,2),(836,'sunhee3859@naver.com','2019113591@dgu.ac.kr',NULL,'2023-08-15 09:21:50',NULL,0,2),(837,'sunhee3859@naver.com','2019113591@dgu.ac.kr',NULL,'2023-08-15 09:22:26',NULL,0,2),(838,'sunhee3859@naver.com','2019113591@dgu.ac.kr','2023-08-15 09:22:40','2023-08-15 09:23:04',NULL,0,2),(839,'sunhee3859@naver.com','2019113591@dgu.ac.kr',NULL,'2023-08-15 09:23:28',NULL,0,2),(840,'sunhee3859@naver.com','2019113591@dgu.ac.kr','2023-08-15 09:23:51','2023-08-15 09:26:07',NULL,0,2),(841,'sunhee3859@naver.com','2019113591@dgu.ac.kr',NULL,'2023-08-15 09:26:26',NULL,0,2),(842,'sunhee3859@naver.com','2019113591@dgu.ac.kr',NULL,'2023-08-15 09:26:56',NULL,0,2),(843,'sunhee3859@naver.com','2019113591@dgu.ac.kr',NULL,'2023-08-15 09:27:17',NULL,0,2),(844,'sunhee3859@naver.com','2019113591@dgu.ac.kr',NULL,'2023-08-15 09:28:53',NULL,0,2),(845,'sunhee3859@naver.com','2019113591@dgu.ac.kr',NULL,'2023-08-15 09:29:23',NULL,0,2),(846,'sunhee3859@naver.com','2019113591@dgu.ac.kr','2023-08-15 09:30:47','2023-08-15 09:30:58',NULL,0,2),(847,'sunhee3859@naver.com','2019113591@dgu.ac.kr',NULL,'2023-08-15 09:31:16',NULL,0,2),(848,'sunhee3859@naver.com','2019113591@dgu.ac.kr',NULL,'2023-08-15 09:32:32',NULL,0,2),(849,'sunhee3859@naver.com','2019113591@dgu.ac.kr',NULL,'2023-08-15 09:38:53',NULL,0,2),(850,'sunhee3859@naver.com','2019113591@dgu.ac.kr',NULL,'2023-08-15 09:39:20',NULL,0,2),(851,'sunhee3859@naver.com','2019113591@dgu.ac.kr',NULL,'2023-08-15 09:54:30',NULL,0,2),(852,'sunhee3859@naver.com','2019113591@dgu.ac.kr','2023-08-15 09:54:43','2023-08-15 09:54:53',NULL,0,2),(853,'sunhee3859@naver.com','2019113591@dgu.ac.kr','2023-08-15 09:55:11','2023-08-15 09:57:22',NULL,0,2),(854,'sunhee3859@naver.com','2019113591@dgu.ac.kr','2023-08-15 09:57:43','2023-08-15 09:57:49',NULL,0,2),(855,'sunhee3859@naver.com','2019113591@dgu.ac.kr',NULL,'2023-08-15 09:58:00',NULL,0,2),(856,'sunhee3859@naver.com','2019113591@dgu.ac.kr',NULL,'2023-08-15 09:58:14',NULL,0,2),(857,'sunhee3859@naver.com','2019113591@dgu.ac.kr','2023-08-15 09:59:13','2023-08-15 09:59:23',NULL,0,2),(858,'sunhee3859@naver.com','2019113591@dgu.ac.kr','2023-08-15 10:02:02','2023-08-15 10:02:14',NULL,0,2),(859,'sunhee3859@naver.com','2019113591@dgu.ac.kr',NULL,'2023-08-15 10:02:39',NULL,0,2),(860,'sunhee3859@naver.com','2019113591@dgu.ac.kr',NULL,'2023-08-15 10:02:59',NULL,0,2),(861,'sunhee3859@naver.com','2019113591@dgu.ac.kr','2023-08-15 10:03:48','2023-08-15 10:03:56',NULL,0,2),(862,'sunhee3859@naver.com','2019113591@dgu.ac.kr',NULL,'2023-08-15 10:04:11',NULL,0,2),(863,'sunhee3859@naver.com','2019113591@dgu.ac.kr',NULL,'2023-08-15 10:04:27',NULL,0,2),(864,'sunhee3859@naver.com','2019113591@dgu.ac.kr',NULL,'2023-08-15 10:04:56',NULL,0,2),(865,'sunhee3859@naver.com','2019113591@dgu.ac.kr','2023-08-15 10:05:11','2023-08-15 10:05:23',NULL,0,2),(866,'sunhee3859@naver.com','2019113591@dgu.ac.kr',NULL,'2023-08-15 10:05:36',NULL,0,2),(867,'sunhee3859@naver.com','2019113591@dgu.ac.kr',NULL,'2023-08-15 10:05:52',NULL,0,2),(868,'sunhee3859@naver.com','2019113591@dgu.ac.kr',NULL,'2023-08-15 10:06:06',NULL,0,2),(869,'sunhee3859@naver.com','2019113591@dgu.ac.kr',NULL,'2023-08-15 10:06:19',NULL,0,2),(870,'sunhee3859@naver.com','2019113591@dgu.ac.kr',NULL,'2023-08-15 10:06:33',NULL,0,2),(871,'sunhee3859@naver.com','2019113591@dgu.ac.kr',NULL,'2023-08-15 10:06:48',NULL,0,2),(872,'2019113591@dgu.ac.kr','sunhee3859@naver.com',NULL,'2023-08-15 10:07:02',NULL,0,2),(873,'sunhee3859@naver.com','2019113591@dgu.ac.kr',NULL,'2023-08-15 11:08:14',NULL,0,2),(874,'sunhee3859@naver.com','2019113591@dgu.ac.kr',NULL,'2023-08-15 11:08:28',NULL,0,2),(875,'sunhee3859@naver.com','2019113591@dgu.ac.kr','2023-08-15 11:32:49','2023-08-15 11:34:18',NULL,0,2),(876,'sunhee3859@naver.com','2019113591@dgu.ac.kr','2023-08-15 11:49:18','2023-08-15 11:51:54',NULL,0,2),(877,'kimjw3928@naver.com','zxskmj@gmail.com','2023-08-15 14:22:38','2023-08-15 14:23:22',NULL,0,2),(878,'sunhee3859@naver.com','kimjw3928@naver.com',NULL,'2023-08-15 23:44:54',NULL,0,2),(879,'sunhee3859@naver.com','zxskmj@gmail.com',NULL,'2023-08-15 23:45:32',NULL,0,2),(880,'gobro6366@gmail.com','sunhee3859@naver.com',NULL,'2023-08-16 00:11:12',NULL,0,2),(881,'gobro6366@gmail.com','sunhee3859@naver.com',NULL,'2023-08-16 00:20:04',NULL,0,2),(882,'sunhee3859@naver.com','gobro6366@gmail.com','2023-08-16 00:20:16','2023-08-16 00:20:30',NULL,0,2),(883,'gobro6366@gmail.com','sunhee3859@naver.com',NULL,'2023-08-16 00:21:30',NULL,0,2),(884,'sunhee3859@naver.com','quso12358@naver.com','2023-08-16 00:33:28','2023-08-16 00:33:57',NULL,0,2),(885,'yung5487@naver.com','ych526@naver.com',NULL,'2023-08-16 00:56:36',NULL,0,2),(886,'sunhee3859@naver.com','zxskmj@gmail.com','2023-08-16 01:00:48','2023-08-16 01:01:23',NULL,0,2),(887,'sunhee3859@naver.com','zxskmj@gmail.com','2023-08-16 01:01:53','2023-08-16 01:02:26',NULL,0,2),(888,'sunhee3859@naver.com','zxskmj@gmail.com','2023-08-16 01:03:39','2023-08-16 01:03:43',NULL,0,2),(889,'sunhee3859@naver.com','zxskmj@gmail.com','2023-08-16 01:04:07','2023-08-16 01:04:36',NULL,0,2),(890,'sunhee3859@naver.com','zxskmj@gmail.com','2023-08-16 01:07:30','2023-08-16 01:08:22',NULL,0,2),(891,'sunhee3859@naver.com','zxskmj@gmail.com','2023-08-16 01:08:50','2023-08-16 01:09:59',NULL,0,2),(892,'zxskmj@gmail.com','sunhee3859@naver.com','2023-08-16 01:10:09','2023-08-16 01:10:32',NULL,0,2),(893,'sunhee3859@naver.com','zxskmj@gmail.com',NULL,'2023-08-16 01:11:29',NULL,0,2),(894,'sunhee3859@naver.com','zxskmj@gmail.com','2023-08-16 01:12:35','2023-08-16 01:12:39',NULL,0,2),(895,'sunhee3859@naver.com','zxskmj@gmail.com','2023-08-16 01:13:21','2023-08-16 01:13:40',NULL,0,2),(896,'sunhee3859@naver.com','zxskmj@gmail.com','2023-08-16 01:14:17','2023-08-16 01:15:41',NULL,0,2),(897,'sunhee3859@naver.com','zxskmj@gmail.com','2023-08-16 01:16:02','2023-08-16 01:16:22',NULL,0,2),(898,'sunhee3859@naver.com','zxskmj@gmail.com','2023-08-16 01:18:54','2023-08-16 01:19:26',NULL,0,2),(899,'sunhee3859@naver.com','zxskmj@gmail.com','2023-08-16 01:20:13','2023-08-16 01:20:29',NULL,0,2),(900,'gobro6366@gmail.com','sunhee3859@naver.com','2023-08-16 01:57:14','2023-08-16 01:57:53',NULL,0,2),(901,'gobro6366@gmail.com','sunhee3859@naver.com','2023-08-16 01:58:32','2023-08-16 01:58:46',NULL,0,2),(902,'sunhee3859@naver.com','gobro6366@gmail.com','2023-08-16 01:58:57','2023-08-16 01:59:05',NULL,0,2),(903,'gobro6366@gmail.com','sunhee3859@naver.com',NULL,'2023-08-16 01:59:27',NULL,0,2),(904,'sunhee3859@naver.com','gobro6366@gmail.com','2023-08-16 02:00:26','2023-08-16 02:00:38',NULL,0,2),(905,'gobro6366@gmail.com','sunhee3859@naver.com',NULL,'2023-08-16 02:00:50',NULL,0,2),(906,'gobro6366@gmail.com','sunhee3859@naver.com',NULL,'2023-08-16 02:02:13',NULL,0,2),(907,'gobro6366@gmail.com','sunhee3859@naver.com',NULL,'2023-08-16 02:02:32',NULL,0,2),(908,'gobro6366@gmail.com','sunhee3859@naver.com','2023-08-16 02:06:10','2023-08-16 02:11:45',NULL,0,2),(909,'gobro6366@gmail.com','govelopper@gmail.com','2023-08-16 02:13:49','2023-08-16 02:14:06',NULL,0,2),(910,'kyuh2002@naver.com','quso12358@naver.com',NULL,'2023-08-16 02:14:49',NULL,0,2),(911,'gobro6366@gmail.com','govelopper@gmail.com','2023-08-16 02:14:22','2023-08-16 02:14:39',NULL,0,2),(912,'gobro6366@gmail.com','govelopper@gmail.com',NULL,'2023-08-16 02:15:04',NULL,0,2),(913,'gobro6366@gmail.com','govelopper@gmail.com','2023-08-16 02:15:46','2023-08-16 02:15:50',NULL,0,2),(914,'gobro6366@gmail.com','govelopper@gmail.com','2023-08-16 02:16:08','2023-08-16 02:16:29',NULL,0,2),(915,'gobro6366@gmail.com','sunhee3859@naver.com','2023-08-16 02:17:02','2023-08-16 02:17:10',NULL,0,2),(916,'gobro6366@gmail.com','sunhee3859@naver.com','2023-08-16 02:17:19','2023-08-16 02:18:18',NULL,0,2),(917,'gobro6366@gmail.com','sunhee3859@naver.com','2023-08-16 02:18:30','2023-08-16 02:20:01',NULL,0,2),(918,'quso12358@naver.com','quso1235813@gmail.com',NULL,'2023-08-16 02:19:47',NULL,0,2),(919,'sunhee3859@naver.com','quso12358@naver.com','2023-08-16 03:00:04','2023-08-16 03:01:09',NULL,0,2),(920,'sunhee3859@naver.com','quso12358@naver.com',NULL,'2023-08-16 03:01:21',NULL,0,2),(921,'quso12358@naver.com','sunhee3859@naver.com','2023-08-16 03:01:32','2023-08-16 03:01:39',NULL,0,2),(922,'sunhee3859@naver.com','quso12358@naver.com','2023-08-16 03:01:49','2023-08-16 03:01:57',NULL,0,2),(923,'quso12358@naver.com','sunhee3859@naver.com','2023-08-16 03:11:00','2023-08-16 03:13:39',NULL,0,2),(924,'sunhee3859@naver.com','quso12358@naver.com','2023-08-16 03:16:27','2023-08-16 03:17:16',NULL,0,2),(925,'zxskmj@gmail.com','quso12358@naver.com','2023-08-16 03:19:23','2023-08-16 03:21:46',NULL,0,2),(926,'kanghee96@gmail.com','hmdasom@naver.com','2023-08-16 03:39:29','2023-08-16 03:40:31',NULL,0,2),(927,'zxskmj@gmail.com','quso12358@naver.com','2023-08-16 03:42:43','2023-08-16 03:43:30',NULL,0,2),(928,'gobro6366@gmail.com','kyuh2002@naver.com','2023-08-16 04:34:04','2023-08-16 04:35:11',NULL,0,2),(929,'gobro6366@gmail.com','kyuh2002@naver.com','2023-08-16 04:38:12','2023-08-16 04:38:16',NULL,0,2),(930,'gobro6366@gmail.com','kyuh2002@naver.com',NULL,'2023-08-16 04:38:34',NULL,0,2),(931,'gobro6366@gmail.com','kyuh2002@naver.com','2023-08-16 04:40:09','2023-08-16 04:43:53',NULL,0,2),(932,'kyuh2002@naver.com','gobro6366@gmail.com','2023-08-16 04:44:14','2023-08-16 04:45:36',NULL,0,2),(933,'gobro6366@gmail.com','kyuh2002@naver.com','2023-08-16 04:45:54','2023-08-16 04:46:38',NULL,0,2),(934,'gobro6366@gmail.com','sunhee3859@naver.com',NULL,'2023-08-16 04:49:38',NULL,0,2),(935,'kyuh2002@naver.com','gobro6366@gmail.com','2023-08-16 04:50:35','2023-08-16 04:50:58',NULL,0,2),(936,'kyuh2002@naver.com','gobro6366@gmail.com','2023-08-16 04:51:33','2023-08-16 04:51:51',NULL,0,2),(937,'kyuh2002@naver.com','gobro6366@gmail.com','2023-08-16 04:52:22','2023-08-16 04:52:34',NULL,0,2),(938,'gobro6366@gmail.com','kyuh2002@naver.com',NULL,'2023-08-16 04:52:57',NULL,0,2),(939,'gobro6366@gmail.com','kyuh2002@naver.com',NULL,'2023-08-16 04:53:18',NULL,0,2),(940,'gobro6366@gmail.com','kyuh2002@naver.com','2023-08-16 04:53:44','2023-08-16 04:55:32',NULL,0,2),(941,'gobro6366@gmail.com','kyuh2002@naver.com','2023-08-16 04:56:58','2023-08-16 04:57:05',NULL,0,2),(942,'gobro6366@gmail.com','kyuh2002@naver.com',NULL,'2023-08-16 04:57:26',NULL,0,2),(943,'gobro6366@gmail.com','kyuh2002@naver.com','2023-08-16 04:57:37','2023-08-16 04:58:07',NULL,0,2),(944,'2019113591@dgu.ac.kr','sunhee3859@naver.com','2023-08-16 07:24:27','2023-08-16 07:25:06',NULL,0,2),(945,'2019113591@dgu.ac.kr','sunhee3859@naver.com','2023-08-16 07:30:04','2023-08-16 07:30:34',NULL,0,2),(946,'sunhee3859@naver.com','2019113591@dgu.ac.kr','2023-08-16 07:30:52','2023-08-16 07:31:46',NULL,0,2),(947,'gobro6366@gmail.com','quso12358@naver.com','2023-08-16 08:13:11','2023-08-16 08:13:50',NULL,0,2),(948,'quso12358@naver.com','sunhee3859@naver.com','2023-08-16 08:22:12','2023-08-16 08:22:22',NULL,0,2),(949,'gobro6366@gmail.com','sunhee3859@naver.com','2023-08-16 08:22:30','2023-08-16 08:22:51',NULL,0,2),(950,'quso12358@naver.com','sunhee3859@naver.com','2023-08-16 08:22:57','2023-08-16 08:23:11',NULL,0,2),(951,'gobro6366@gmail.com','quso12358@naver.com',NULL,'2023-08-16 08:25:51',NULL,0,2),(952,'quso12358@naver.com','govelopper@gmail.com','2023-08-16 08:26:30','2023-08-16 08:28:26',NULL,0,2),(953,'quso12358@naver.com','govelopper@gmail.com','2023-08-16 08:28:51','2023-08-16 08:30:52',NULL,0,2),(954,'quso12358@naver.com','govelopper@gmail.com','2023-08-16 08:31:02','2023-08-16 08:40:45',NULL,0,2),(955,'quso12358@naver.com','govelopper@gmail.com','2023-08-16 08:40:58','2023-08-16 08:41:23',NULL,0,2),(956,'govelopper@gmail.com','quso12358@naver.com','2023-08-16 08:41:33','2023-08-16 08:42:14',NULL,0,2),(957,'gobro6366@gmail.com','quso12358@naver.com','2023-08-16 08:42:28','2023-08-16 08:42:44',NULL,0,2),(958,'quso12358@naver.com','govelopper@gmail.com','2023-08-16 08:44:44','2023-08-16 08:47:40',NULL,0,2),(959,'quso12358@naver.com','sunhee3859@naver.com',NULL,'2023-08-16 08:47:40',NULL,0,2),(960,'quso12358@naver.com','govelopper@gmail.com','2023-08-16 08:48:58','2023-08-16 08:49:12',NULL,0,2),(961,'quso12358@naver.com','sunhee3859@naver.com',NULL,'2023-08-16 08:49:24',NULL,0,2),(962,'gobro6366@gmail.com','quso12358@naver.com','2023-08-16 08:49:35',NULL,NULL,0,1);
/*!40000 ALTER TABLE `callhistory` ENABLE KEYS */;
UNLOCK TABLES;

--
-- Table structure for table `comments`
--

DROP TABLE IF EXISTS `comments`;
/*!40101 SET @saved_cs_client     = @@character_set_client */;
/*!50503 SET character_set_client = utf8mb4 */;
CREATE TABLE `comments` (
  `comment_no` int NOT NULL AUTO_INCREMENT,
  `user_email` varchar(320) NOT NULL,
  `article_no` int NOT NULL,
  `comment_content` varchar(500) NOT NULL,
  `comment_regtime` timestamp NOT NULL DEFAULT CURRENT_TIMESTAMP,
  `comment_modified` int NOT NULL DEFAULT '0',
  PRIMARY KEY (`comment_no`),
  KEY `comments_ibfk_1` (`article_no`),
  KEY `comments_ibfk_2` (`user_email`),
  CONSTRAINT `comments_ibfk_1` FOREIGN KEY (`article_no`) REFERENCES `articles` (`article_no`),
  CONSTRAINT `comments_ibfk_2` FOREIGN KEY (`user_email`) REFERENCES `users` (`user_email`)
) ENGINE=InnoDB AUTO_INCREMENT=43 DEFAULT CHARSET=utf8mb4 COLLATE=utf8mb4_0900_ai_ci;
/*!40101 SET character_set_client = @saved_cs_client */;

--
-- Dumping data for table `comments`
--

LOCK TABLES `comments` WRITE;
/*!40000 ALTER TABLE `comments` DISABLE KEYS */;
INSERT INTO `comments` VALUES (2,'kyuh2002@naver.com',49,'좋은 의견 감사합니다.','2023-08-10 17:48:24',0),(6,'kyuh2002@naver.com',49,'ㅁㄴㅇㄹ','2023-08-10 18:08:45',0),(9,'kyuh2002@naver.com',50,'굳','2023-08-10 18:53:37',0),(12,'kyuh2002@naver.com',50,'댓글 내용이 길어진다면 어떻게 보이게 될까요 ? 이 입력창에선 어떻게 보이나요? 대답해주세요. 만약에 이 댓글 입력창이 길어진다면 저는 어떻게 해야 할까요? 수정에서는 어떻게 보일까요? 확인 해야할게 왜 이렇게 많은거죠? 이제야 두줄이 넘었네요. 아 스크롤 생기네 다행이다','2023-08-10 19:39:16',0),(13,'kyuh2002@naver.com',50,'이름이 세로가 되네 ㅅㅂ','2023-08-10 19:39:29',0),(14,'kyuh2002@naver.com',50,'@고세훈','2023-08-10 19:39:42',0),(15,'kyuh2002@naver.com',55,'감삼다!!!!~!!!','2023-08-16 00:04:45',1),(16,'gobro6366@gmail.com',53,'댓글','2023-08-14 21:19:25',0),(17,'gobro6366@gmail.com',53,'수정이랑 삭제가 안되는데여 정신 차리겠습니다.','2023-08-14 21:58:23',1),(19,'quso12358@naver.com',56,'초전도체.. 특이점은 온다','2023-08-14 22:59:51',1),(20,'quso12358@naver.com',56,'Is good?','2023-08-14 23:01:55',1),(21,'gobro6366@gmail.com',50,'수정완료','2023-08-15 02:04:34',0),(22,'quso12358@naver.com',57,'건이 있습니다.','2023-08-16 00:04:50',0),(23,'kyuh2002@naver.com',60,'네 알겠습니다!','2023-08-16 00:26:19',1),(28,'kyuh2002@naver.com',61,'수직정렬','2023-08-16 02:11:32',0),(29,'quso12358@naver.com',60,'여기 건이 있습니다','2023-08-16 02:21:04',0),(30,'quso12358@naver.com',61,'맞습니다. 여기 건이 있습니다.','2023-08-16 02:21:22',0),(31,'gobro6366@gmail.com',63,'생성일자를 수정합니다.\n','2023-08-15 19:07:37',0);
/*!40000 ALTER TABLE `comments` ENABLE KEYS */;
UNLOCK TABLES;

--
-- Table structure for table `emotion`
--

DROP TABLE IF EXISTS `emotion`;
/*!40101 SET @saved_cs_client     = @@character_set_client */;
/*!50503 SET character_set_client = utf8mb4 */;
CREATE TABLE `emotion` (
  `emotion_no` int NOT NULL AUTO_INCREMENT,
  `emotion_name` varchar(100) DEFAULT NULL,
  `emotion_sound` varchar(100) DEFAULT NULL,
  `emotion_voice` varchar(100) DEFAULT NULL,
  `emotion_voice_advice` varchar(100) DEFAULT NULL,
  PRIMARY KEY (`emotion_no`)
) ENGINE=InnoDB DEFAULT CHARSET=utf8mb4 COLLATE=utf8mb4_0900_ai_ci;
/*!40101 SET character_set_client = @saved_cs_client */;

--
-- Dumping data for table `emotion`
--

LOCK TABLES `emotion` WRITE;
/*!40000 ALTER TABLE `emotion` DISABLE KEYS */;
/*!40000 ALTER TABLE `emotion` ENABLE KEYS */;
UNLOCK TABLES;

--
-- Table structure for table `friends`
--

DROP TABLE IF EXISTS `friends`;
/*!40101 SET @saved_cs_client     = @@character_set_client */;
/*!50503 SET character_set_client = utf8mb4 */;
CREATE TABLE `friends` (
  `friend_no` int NOT NULL AUTO_INCREMENT,
  `user_email` varchar(320) NOT NULL,
  `friend_email` varchar(320) NOT NULL,
  `friend_regtime` date DEFAULT NULL,
  PRIMARY KEY (`friend_no`),
  KEY `user_email` (`user_email`),
  CONSTRAINT `friends_ibfk_1` FOREIGN KEY (`user_email`) REFERENCES `users` (`user_email`)
) ENGINE=InnoDB AUTO_INCREMENT=101 DEFAULT CHARSET=utf8mb4 COLLATE=utf8mb4_0900_ai_ci;
/*!40101 SET character_set_client = @saved_cs_client */;

--
-- Dumping data for table `friends`
--

LOCK TABLES `friends` WRITE;
/*!40000 ALTER TABLE `friends` DISABLE KEYS */;
INSERT INTO `friends` VALUES (7,'sunhee3859@naver.com','gobro6366@gmail.com','2023-08-02'),(8,'sunhee3859@naver.com','kimjw3928@naver.com','2023-08-02'),(10,'sunhee3859@naver.com','kyuh2001@naver.com','2023-08-03'),(13,'sunhee3859@naver.com','quso12358@naver.com','2023-08-03'),(14,'sunhee3859@naver.com','zxskmj@gmail.com','2023-08-03'),(17,'quso12358@naver.com','sunhee3859@naver.com','2023-08-03'),(18,'quso12358@naver.com','gobro6366@gmail.com','2023-08-03'),(19,'quso12358@naver.com','kyuh2001@naver.com','2023-08-03'),(24,'kimjw3928@naver.com','zxskmj@gmail.com','2023-08-03'),(51,'kyuh2002@naver.com','gobro6366@gmail.com','2023-08-03'),(53,'2019113591@dgu.ac.kr','sunhee3859@naver.com','2023-08-05'),(54,'sunhee3859@naver.com','2019113591@dgu.ac.kr','2023-08-05'),(55,'quso1235813@gmail.com','quso12358@naver.com','2023-08-06'),(56,'quso12358@naver.com','quso1235813@gmail.com','2023-08-06'),(59,'kyuh2002@naver.com','zxskmj@gmail.com','2023-08-07'),(60,'kyuh2002@naver.com','kimjw3928@naver.com','2023-08-07'),(61,'zxskmj@gmail.com','kimjw3928@naver.com','2023-08-07'),(63,'voda@voda.com','kimjw3928@naver.com','2023-08-07'),(64,'kimjw3928@naver.com','voda@voda.com','2023-08-07'),(67,'hellosunheee96@gmail.com','quso12358@naver.com','2023-08-09'),(68,'quso12358@naver.com','hellosunheee96@gmail.com','2023-08-09'),(69,'hellosunheee96@gmail.com','gobro6366@gmail.com','2023-08-09'),(70,'hellosunheee96@gmail.com','zxskmj@gmail.com','2023-08-10'),(71,'hellosunheee96@gmail.com','2019113591@dgu.ac.kr','2023-08-10'),(72,'2019113591@dgu.ac.kr','hellosunheee96@gmail.com','2023-08-10'),(73,'sunhee3859@naver.com','developerchiheonlee@naver.com','2023-08-11'),(74,'kyuh2002@naver.com','2019113591@dgu.ac.kr','2023-08-11'),(75,'kyuh2002@naver.com','sunhee3859@naver.com','2023-08-11'),(76,'kyuh2002@naver.com','quso1235813@gmail.com','2023-08-11'),(77,'kyuh2002@naver.com','quso12358@naver.com','2023-08-11'),(79,'youjin1939@gmail.com','kyuh2002@naver.com','2023-08-11'),(80,'sunhee3859@naver.com','hellosunheee96@gmail.com','2023-08-12'),(81,'kimjw3928@naver.com','kimjw3928@gmail.com','2023-08-13'),(82,'kyuh2002@naver.com','youjin1939@gmail.com','2023-08-14'),(83,'developerchiheonlee@naver.com','ych526@naver.com','2023-08-14'),(84,'sunhee3859@naver.com','kyuh2002@naver.com','2023-08-14'),(98,'gobro6366@gmail.com','quso12358@naver.com','2023-08-16'),(99,'zxskmj@gmail.com','quso12358@naver.com','2023-08-16'),(100,'kanghee96@gmail.com','hmdasom@naver.com','2023-08-16');
/*!40000 ALTER TABLE `friends` ENABLE KEYS */;
UNLOCK TABLES;

--
-- Table structure for table `user_callhistory`
--

DROP TABLE IF EXISTS `user_callhistory`;
/*!40101 SET @saved_cs_client     = @@character_set_client */;
/*!50503 SET character_set_client = utf8mb4 */;
CREATE TABLE `user_callhistory` (
  `user_call_no` int NOT NULL AUTO_INCREMENT,
  `call_no` int DEFAULT NULL,
  `user_email` varchar(320) NOT NULL,
  PRIMARY KEY (`user_call_no`),
  KEY `call_no` (`call_no`),
  KEY `user_email` (`user_email`),
  CONSTRAINT `user_callhistory_ibfk_1` FOREIGN KEY (`call_no`) REFERENCES `callhistory` (`call_no`),
  CONSTRAINT `user_callhistory_ibfk_2` FOREIGN KEY (`user_email`) REFERENCES `users` (`user_email`)
) ENGINE=InnoDB AUTO_INCREMENT=499 DEFAULT CHARSET=utf8mb4 COLLATE=utf8mb4_0900_ai_ci;
/*!40101 SET character_set_client = @saved_cs_client */;

--
-- Dumping data for table `user_callhistory`
--

LOCK TABLES `user_callhistory` WRITE;
/*!40000 ALTER TABLE `user_callhistory` DISABLE KEYS */;
/*!40000 ALTER TABLE `user_callhistory` ENABLE KEYS */;
UNLOCK TABLES;

--
-- Table structure for table `users`
--

DROP TABLE IF EXISTS `users`;
/*!40101 SET @saved_cs_client     = @@character_set_client */;
/*!50503 SET character_set_client = utf8mb4 */;
CREATE TABLE `users` (
  `user_email` varchar(320) NOT NULL,
  `user_pass` varchar(200) DEFAULT NULL,
  `user_name` varchar(50) DEFAULT NULL,
  `user_token` varchar(500) DEFAULT NULL,
  `user_handicap` int DEFAULT NULL COMMENT '0: 비장애인 1: 장애인',
  `user_cancel` int DEFAULT '0',
  `user_regtime` date DEFAULT NULL,
  `role` int DEFAULT '0' COMMENT '1: 관리자',
  PRIMARY KEY (`user_email`)
) ENGINE=InnoDB DEFAULT CHARSET=utf8mb4 COLLATE=utf8mb4_0900_ai_ci;
/*!40101 SET character_set_client = @saved_cs_client */;

--
-- Dumping data for table `users`
--

LOCK TABLES `users` WRITE;
/*!40000 ALTER TABLE `users` DISABLE KEYS */;
INSERT INTO `users` VALUES ('0503ghkdud@naver.com','$2a$10$XOx6Bcr5X00RZxQu8RAJSeGlzpAq6eB4..3DLzp835UafoV4MmjGm','살혁','eyJ0eXAiOiJKV1QiLCJhbGciOiJIUzI1NiJ9.eyJpYXQiOjE2OTE4NDk2MDcsImV4cCI6MTY5MTg1OTY4N30.KiYmbyzt7SrpC_ZTrJqQA5lfxeZfGpIPSlV0ULBMKOg',0,0,'2023-08-12',0),('2019113591@dgu.ac.kr','$2a$10$96XCfWnwHhaXBQLBgV9xi.PxNm7ZMUuTagluWFR98Yu1oomMACt8u','윤선희2','eyJ0eXAiOiJKV1QiLCJhbGciOiJIUzI1NiJ9.eyJpYXQiOjE2OTIxNzA5MTcsImV4cCI6MTY5Mjc3NTcxN30.fEetdl2ZO0u2DjaPIlwPsaExfSTJFoRMCwlmCxdTZh8',0,0,'2023-08-05',0),('developerchiheonlee@naver.com','$2a$10$ERtapypVavQ8xVAEkzxN3u6UdEcho9ka3EorxGMFwnhcF9JLuj8Hq','실습코치헌','eyJ0eXAiOiJKV1QiLCJhbGciOiJIUzI1NiJ9.eyJpYXQiOjE2OTE5ODc1ODgsImV4cCI6MTY5MTk5MjYyOH0.nx7BfBJXOiyGhNBVkdKEJVwrP2sz6efGZNPZhaXFqug',0,0,'2023-08-10',0),('gobro6366@gmail.com','$2a$10$3eC/Nxcy76qcQvZrFstrduEhofJXLVVTy1v5EOfUbSKwAL6mjQJFC','고키키','eyJ0eXAiOiJKV1QiLCJhbGciOiJIUzI1NiJ9.eyJpYXQiOjE2OTIxNzU3NjAsImV4cCI6MTY5Mjc4MDU2MH0.B-wLe8_kei0m92ibeagZvA10VJ2Yu8MpgihKenHvhYQ',1,0,'2023-07-31',1),('govelopper@gmail.com','$2a$10$VayvtSTQAS9CIkAUEpzW3.WG4sjvbHEsGmRjc1ZH9QDA.jKkSsaAq','수신용고키키',NULL,0,0,'2023-08-09',0),('hellosunheee96@gmail.com','$2a$10$S0wZyOiCFlUQV6Um/l/3P.ZqAyz/CMg28p506xsBYmmqJmsMTkenm','헬로선희',NULL,0,0,'2023-08-09',0),('hmdasom@naver.com','$2a$10$negXswUfe2VS0v6YxIbM8.Mb.DtWExbWskWPYHxiSixuya9wcoZLi','hds','eyJ0eXAiOiJKV1QiLCJhbGciOiJIUzI1NiJ9.eyJpYXQiOjE2OTIxNTcxMjUsImV4cCI6MTY5Mjc2MTkyNX0.aAazhqNGHuBvC00FcP3IasXl4A98Bb4YsO2MHiHyzsk',0,0,'2023-08-16',0),('kanghee96@gmail.com','$2a$10$sMzmQ0bJ.wZ35nvaw/t9reRkFbgnRnxBeLSZ5nRtrg6aBCIH43xx6','이강희','eyJ0eXAiOiJKV1QiLCJhbGciOiJIUzI1NiJ9.eyJpYXQiOjE2OTIxNTcwODYsImV4cCI6MTY5Mjc2MTg4Nn0.f1tC1oKqB0y8yrB9Tpz8QeVZnP063l3RjRKXVdtVXPI',0,0,'2023-08-16',0),('kimjw3928@gmail.com','$2a$10$Gwj0quM39TDldlL60ojzpeeaqET1IZbZLywWUNALpDRMC6bGCUtGa','원지김','eyJ0eXAiOiJKV1QiLCJhbGciOiJIUzI1NiJ9.eyJpYXQiOjE2OTE5MTU5MjEsImV4cCI6MTY5MTkyNjAwMX0.lDSyEmY30hodxHapevatZ4X0wpqSTZcf0PoExrudNaI',0,0,'2023-08-12',0),('kimjw3928@naver.com','$2a$10$snc2Z8GgqUTxcHkLjVETluTYfpIFMtJqxUVlGJj1pgUs5vnC6OmMy','김지지','eyJ0eXAiOiJKV1QiLCJhbGciOiJIUzI1NiJ9.eyJpYXQiOjE2OTIxNTgyODgsImV4cCI6MTY5Mjc2MzA4OH0.HkTxa5_T35wv9iDREjeRy1sN3Dx2HVIkK6wixjKFSjg',1,0,'2023-07-31',0),('kyuh2001@naver.com','$2a$10$7CPDd9XaCLZP0l3GTEJcjeeTnz0EwtnZ9gJ1v/tJJrEY1zlk7OOsm','최키키',NULL,0,0,'2023-07-31',0),('kyuh2002@gmail.com','$2a$10$GPvlR.vAcOiWJRmP/DG83eVR.TfSbbmtVTqAMwU79t5Ie0a5K0/Ii','최키키키','eyJ0eXAiOiJKV1QiLCJhbGciOiJIUzI1NiJ9.eyJpYXQiOjE2OTIxNzM5NTEsImV4cCI6MTY5Mjc3ODc1MX0.er8HQkbMK9JnSio_ClkVgOaiUzTVAY_DHcewMy9UF5w',0,0,'2023-08-16',0),('kyuh2002@naver.com','$2a$10$onx4eIRPGZ0chk92xhq0De6.8/oZ9hvtVYaYeKYGb4K4GV.2WaPpe','최키키',NULL,0,0,'2023-07-31',1),('mong2072@naver.com','$2a$10$fk0vFayPZvBnWaZglYEeJ.v8n2EXi4k1rLn8PQAK9GK09Zf7jd9vG','정민희','eyJ0eXAiOiJKV1QiLCJhbGciOiJIUzI1NiJ9.eyJpYXQiOjE2OTE5ODcyMzIsImV4cCI6MTY5MTk5MjI3Mn0.qWWOdCbYtFObuJ3UhSPtkcNF-zUtU6qmfWeMuD6mq5M',0,0,'2023-08-14',0),('quso12358@naver.com','$2a$10$Ia7k4oFpcsHC49rs/oYYEum9bieL3ewnmVu58EzIRWAkbz9P2rk7i','나키키임','eyJ0eXAiOiJKV1QiLCJhbGciOiJIUzI1NiJ9.eyJpYXQiOjE2OTIxNzU3MjgsImV4cCI6MTY5Mjc4MDUyOH0.XHAtoDHYYbC0SPl9ME07VrTTElOkXv75ZK4RVHQ_aSU',1,0,'2023-07-31',1),('quso1235813@gmail.com','$2a$10$3hoVfz5it1xi9TnsBm009ub5qUG9qJ8HTgy4iEmt5Ftj9NHufrGG.','나임','eyJ0eXAiOiJKV1QiLCJhbGciOiJIUzI1NiJ9.eyJpYXQiOjE2OTE5Nzc5NzYsImV4cCI6MTY5MTk4MzAxNn0.Pf7CqNE7avgImLxz48JGZQhvPPuXTHuwksY6v4iINY4',0,0,'2023-08-06',0),('sangwoo9808@naver.com','$2a$10$.rFd1V1yWQtKh3JAqYaPwOksBOEUCu8GpOUOTohBc2r.gKYRB1XcG','hello1234',NULL,0,0,'2023-08-09',0),('ssumthingood@gmail.com','$2a$10$woD1qCmqpuXgUi.FS.5bOeRLY5FI5KHCzc4bJ3We9P..UctgnjnS6','홍분박',NULL,0,0,'2023-08-08',0),('sunhee3859@naver.com','$2a$10$Nr7a7LpbcRPURLqM8n2iIugXOwlLG/dYtna7Ca995zeS7O2nhuU3q','심청',NULL,0,0,'2023-07-31',0),('voda@voda.com','$2a$10$srj2eOSBcOwa8h8MCc12beeswAB1p3JOMsW1ipz9lc4jDy/7nAkeO','김이름','eyJ0eXAiOiJKV1QiLCJhbGciOiJIUzI1NiJ9.eyJpYXQiOjE2OTIwNzYzNTUsImV4cCI6MTY5MjA4MTM5NX0.XFsXS_mfhsJSsfyVVt3AaDM3mwI9KBo96usbhMARec0',0,0,'2023-07-31',0),('wpwjd9@gmail.com','$2a$10$TrkEEuj0ZBgtXPV0qx3CbO/lzKfpk82ZHzLa8I5bVb8OSnrabRhaW','연제정','eyJ0eXAiOiJKV1QiLCJhbGciOiJIUzI1NiJ9.eyJpYXQiOjE2OTE5MzExNDgsImV4cCI6MTY5MTk0MTIyOH0.GVBf66SA7Z0ybZstj043u0jQDnaYUPjgtqL7v5pYRqA',1,0,'2023-08-12',0),('ych526@naver.com','$2a$10$FeTQNUiCBa4p.dqjYkZja.PwdgcJFcLk/uczA0w7neKqw7wQhEtfe','실습코치헌','eyJ0eXAiOiJKV1QiLCJhbGciOiJIUzI1NiJ9.eyJpYXQiOjE2OTE5ODc1OTUsImV4cCI6MTY5MTk5MjYzNX0.x69-fYzbIf1_Bu9GyGrEvjxQI80HbPx9bPy-He4-jfw',0,0,'2023-08-14',0),('youjin1939@gmail.com','$2a$10$jTTH9Qn/6mGeOA9yRcy6aODMd21P4cka8jAc5olmZPMFz8nvWNilq','안유진','eyJ0eXAiOiJKV1QiLCJhbGciOiJIUzI1NiJ9.eyJpYXQiOjE2OTE3NjAyMDcsImV4cCI6MTY5MTc3MDI4N30.YSggx01YzmBrqlyqW0kTVQSf30ddA5MLoZ1Bso7C78o',0,0,'2023-08-11',0),('yung5487@naver.com','$2a$10$NaNSSABIROitsyPoHZFWJu0G8fhmoySe5xzY1LzsB7q6fggMtp22O','지용현','eyJ0eXAiOiJKV1QiLCJhbGciOiJIUzI1NiJ9.eyJpYXQiOjE2OTIxNDcxNTEsImV4cCI6MTY5MjE1MjE5MX0.RZ_C5ycVYoDbSvkKosbYXzttQ3XHwbDs6Rrzb3GVY_g',0,0,'2023-08-16',0),('zxskmj@gmail.com','$2a$10$kqJDh16H6JQEl4w6Y2faAOlBEyCkM33HzIHFc2wnpOOeUfRWxJUbi','심학규','eyJ0eXAiOiJKV1QiLCJhbGciOiJIUzI1NiJ9.eyJpYXQiOjE2OTIxNTczMTEsImV4cCI6MTY5Mjc2MjExMX0.9zABX-qglywnyVJBX7YchOWYFqPaqAr9x5cruRG0dRA',1,0,'2023-07-31',0);
/*!40000 ALTER TABLE `users` ENABLE KEYS */;
UNLOCK TABLES;

--
-- Table structure for table `usersetting`
--

DROP TABLE IF EXISTS `usersetting`;
/*!40101 SET @saved_cs_client     = @@character_set_client */;
/*!50503 SET character_set_client = utf8mb4 */;
CREATE TABLE `usersetting` (
  `user_email` varchar(320) NOT NULL,
  `usersetting_type_no` int DEFAULT '1' COMMENT '0:남성 1:여성  2:음성+조언',
  `usersetting_screen_type` int DEFAULT '0' COMMENT '0: 디테일 1: 심플',
  PRIMARY KEY (`user_email`),
  CONSTRAINT `usersetting_ibfk_1` FOREIGN KEY (`user_email`) REFERENCES `users` (`user_email`)
) ENGINE=InnoDB DEFAULT CHARSET=utf8mb4 COLLATE=utf8mb4_0900_ai_ci;
/*!40101 SET character_set_client = @saved_cs_client */;

--
-- Dumping data for table `usersetting`
--

LOCK TABLES `usersetting` WRITE;
/*!40000 ALTER TABLE `usersetting` DISABLE KEYS */;
INSERT INTO `usersetting` VALUES ('0503ghkdud@naver.com',1,1),('2019113591@dgu.ac.kr',0,1),('developerchiheonlee@naver.com',1,1),('gobro6366@gmail.com',0,1),('govelopper@gmail.com',1,1),('hellosunheee96@gmail.com',1,1),('hmdasom@naver.com',1,1),('kanghee96@gmail.com',1,1),('kimjw3928@gmail.com',1,1),('kimjw3928@naver.com',1,0),('kyuh2001@naver.com',1,1),('kyuh2002@gmail.com',2,0),('kyuh2002@naver.com',2,0),('mong2072@naver.com',1,1),('quso12358@naver.com',3,0),('quso1235813@gmail.com',1,1),('sangwoo9808@naver.com',1,1),('ssumthingood@gmail.com',1,1),('sunhee3859@naver.com',3,1),('voda@voda.com',0,1),('wpwjd9@gmail.com',1,0),('ych526@naver.com',1,1),('youjin1939@gmail.com',1,0),('yung5487@naver.com',1,1),('zxskmj@gmail.com',1,1);
/*!40000 ALTER TABLE `usersetting` ENABLE KEYS */;
UNLOCK TABLES;
/*!40103 SET TIME_ZONE=@OLD_TIME_ZONE */;

/*!40101 SET SQL_MODE=@OLD_SQL_MODE */;
/*!40014 SET FOREIGN_KEY_CHECKS=@OLD_FOREIGN_KEY_CHECKS */;
/*!40014 SET UNIQUE_CHECKS=@OLD_UNIQUE_CHECKS */;
/*!40101 SET CHARACTER_SET_CLIENT=@OLD_CHARACTER_SET_CLIENT */;
/*!40101 SET CHARACTER_SET_RESULTS=@OLD_CHARACTER_SET_RESULTS */;
/*!40101 SET COLLATION_CONNECTION=@OLD_COLLATION_CONNECTION */;
/*!40111 SET SQL_NOTES=@OLD_SQL_NOTES */;

-- Dump completed on 2023-08-16 17:49:43
